order_id,customer_id,order_date,status
O0001,C084,2026-01-01,Delivered
O0002,C020,2026-01-01,Cancelled
O0003,C081,2026-01-02,Delivered
O0004,C001,2026-01-03,Delivered
O0005,C080,2026-01-03,Delivered
O0006,C079,2026-01-04,Delivered
O0007,C079,2026-01-05,Delivered
O0008,C067,2026-01-06,Delivered
O0009,C048,2026-01-06,Delivered
O0010,C071,2026-01-07,Delivered
O0011,C028,2026-01-08,Delivered
O0012,C079,2026-01-09,Delivered
O0013,C056,2026-01-09,Delivered
O0014,C046,2026-01-10,Delivered
O0015,C051,2026-01-11,Delivered
O0016,C057,2026-01-12,Delivered
O0017,C004,2026-01-12,Delivered
O0018,C014,2026-01-13,Delivered
O0019,C025,2026-01-14,Cancelled
O0020,C012,2026-01-15,Delivered
O0021,C044,2026-01-15,Delivered
O0022,C067,2026-01-16,Delivered
O0023,C066,2026-01-17,Delivered
O0024,C048,2026-01-18,Cancelled
O0025,C086,2026-01-18,Delivered
O0026,C057,2026-01-19,Cancelled
O0027,C008,2026-01-20,Delivered
O0028,C077,2026-01-20,Delivered
O0029,C058,2026-01-21,Delivered
O0030,C064,2026-01-22,Delivered
O0031,C057,2026-01-23,Delivered
O0032,C056,2026-01-23,Delivered
O0033,C010,2026-01-24,Cancelled
O0034,C056,2026-01-25,Delivered
O0035,C080,2026-01-26,Cancelled
O0036,C031,2026-01-26,Delivered
O0037,C061,2026-01-27,Delivered
O0038,C004,2026-01-28,Delivered
O0039,C035,2026-01-29,Delivered
O0040,C044,2026-01-29,Delivered
O0041,C099,2026-01-30,Delivered
O0042,C022,2026-01-31,Delivered
O0043,C028,2026-02-01,Delivered
O0044,C041,2026-02-01,Delivered
O0045,C100,2026-02-02,Delivered
O0046,C086,2026-02-03,Delivered
O0047,C004,2026-02-04,Delivered
O0048,C024,2026-02-04,Delivered
O0049,C083,2026-02-05,Delivered
O0050,C006,2026-02-06,Delivered
O0051,C086,2026-02-06,Delivered
O0052,C029,2026-02-07,Delivered
O0053,C092,2026-02-08,Delivered
O0054,C030,2026-02-09,Delivered
O0055,C044,2026-02-09,Delivered
O0056,C067,2026-02-10,Delivered
O0057,C013,2026-02-11,Delivered
O0058,C056,2026-02-12,Delivered
O0059,C051,2026-02-12,Delivered
O0060,C079,2026-02-13,Delivered
O0061,C100,2026-02-14,Delivered
O0062,C067,2026-02-15,Delivered
O0063,C041,2026-02-15,Delivered
O0064,C041,2026-02-16,Delivered
O0065,C042,2026-02-17,Cancelled
O0066,C082,2026-02-18,Delivered
O0067,C033,2026-02-18,Delivered
O0068,C017,2026-02-19,Delivered
O0069,C034,2026-02-20,Delivered
O0070,C003,2026-02-21,Delivered
O0071,C011,2026-02-21,Delivered
O0072,C010,2026-02-22,Delivered
O0073,C078,2026-02-23,Delivered
O0074,C073,2026-02-23,Delivered
O0075,C070,2026-02-24,Delivered
O0076,C047,2026-02-25,Delivered
O0077,C072,2026-02-26,Delivered
O0078,C017,2026-02-26,Delivered
O0079,C091,2026-02-27,Delivered
O0080,C051,2026-02-28,Delivered
O0081,C094,2026-03-01,Delivered
O0082,C016,2026-03-01,Delivered
O0083,C050,2026-03-02,Delivered
O0084,C070,2026-03-03,Delivered
O0085,C050,2026-03-04,Delivered
O0086,C045,2026-03-04,Delivered
O0087,C017,2026-03-05,Delivered
O0088,C039,2026-03-06,Delivered
O0089,C024,2026-03-07,Delivered
O0090,C031,2026-03-07,Delivered
O0091,C069,2026-03-08,Delivered
O0092,C064,2026-03-09,Delivered
O0093,C061,2026-03-10,Cancelled
O0094,C037,2026-03-10,Delivered
O0095,C096,2026-03-11,Delivered
O0096,C009,2026-03-12,Cancelled
O0097,C035,2026-03-12,Cancelled
O0098,C012,2026-03-13,Delivered
O0099,C034,2026-03-14,Delivered
O0100,C097,2026-03-15,Delivered
O0101,C037,2026-03-15,Delivered
O0102,C091,2026-03-16,Delivered
O0103,C050,2026-03-17,Delivered
O0104,C070,2026-03-18,Delivered
O0105,C046,2026-03-18,Delivered
O0106,C027,2026-03-19,Delivered
O0107,C077,2026-03-20,Delivered
O0108,C097,2026-03-21,Delivered
O0109,C027,2026-03-21,Delivered
O0110,C078,2026-03-22,Delivered
O0111,C027,2026-03-23,Delivered
O0112,C072,2026-03-24,Delivered
O0113,C079,2026-03-24,Delivered
O0114,C045,2026-03-25,Delivered
O0115,C074,2026-03-26,Delivered
O0116,C028,2026-03-27,Delivered
O0117,C008,2026-03-27,Delivered
O0118,C010,2026-03-28,Delivered
O0119,C045,2026-03-29,Delivered
O0120,C091,2026-03-29,Cancelled
O0121,C013,2026-03-30,Cancelled
O0122,C046,2026-03-31,Delivered
O0123,C071,2026-04-01,Delivered
O0124,C021,2026-04-01,Delivered
O0125,C073,2026-04-02,Delivered
O0126,C031,2026-04-03,Delivered
O0127,C081,2026-04-04,Delivered
O0128,C058,2026-04-04,Delivered
O0129,C055,2026-04-05,Delivered
O0130,C018,2026-04-06,Delivered
O0131,C047,2026-04-07,Delivered
O0132,C086,2026-04-07,Delivered
O0133,C002,2026-04-08,Delivered
O0134,C076,2026-04-09,Delivered
O0135,C050,2026-04-10,Delivered
O0136,C072,2026-04-10,Delivered
O0137,C067,2026-04-11,Delivered
O0138,C044,2026-04-12,Delivered
O0139,C031,2026-04-13,Delivered
O0140,C063,2026-04-13,Cancelled
O0141,C015,2026-04-14,Delivered
O0142,C059,2026-04-15,Cancelled
O0143,C010,2026-04-15,Delivered
O0144,C065,2026-04-16,Delivered
O0145,C063,2026-04-17,Delivered
O0146,C009,2026-04-18,Delivered
O0147,C076,2026-04-18,Cancelled
O0148,C042,2026-04-19,Delivered
O0149,C079,2026-04-20,Delivered
O0150,C005,2026-04-21,Delivered
O0151,C018,2026-04-21,Delivered
O0152,C050,2026-04-22,Delivered
O0153,C019,2026-04-23,Delivered
O0154,C033,2026-04-24,Delivered
O0155,C067,2026-04-24,Delivered
O0156,C015,2026-04-25,Delivered
O0157,C068,2026-04-26,Delivered
O0158,C011,2026-04-27,Delivered
O0159,C018,2026-04-27,Delivered
O0160,C059,2026-04-28,Delivered
O0161,C080,2026-04-29,Cancelled
O0162,C018,2026-04-30,Delivered
O0163,C030,2026-04-30,Delivered
O0164,C093,2026-05-01,Delivered
O0165,C099,2026-05-02,Delivered
O0166,C059,2026-05-02,Delivered
O0167,C045,2026-05-03,Delivered
O0168,C035,2026-05-04,Delivered
O0169,C062,2026-05-05,Delivered
O0170,C060,2026-05-05,Delivered
O0171,C030,2026-05-06,Delivered
O0172,C003,2026-05-07,Delivered
O0173,C016,2026-05-08,Delivered
O0174,C096,2026-05-08,Delivered
O0175,C042,2026-05-09,Delivered
O0176,C049,2026-05-10,Delivered
O0177,C047,2026-05-11,Cancelled
O0178,C079,2026-05-11,Delivered
O0179,C007,2026-05-12,Delivered
O0180,C009,2026-05-13,Delivered
O0181,C028,2026-05-14,Delivered
O0182,C049,2026-05-14,Cancelled
O0183,C068,2026-05-15,Delivered
O0184,C050,2026-05-16,Delivered
O0185,C045,2026-05-17,Delivered
O0186,C094,2026-05-17,Cancelled
O0187,C017,2026-05-18,Delivered
O0188,C058,2026-05-19,Cancelled
O0189,C055,2026-05-19,Delivered
O0190,C048,2026-05-20,Delivered
O0191,C081,2026-05-21,Delivered
O0192,C027,2026-05-22,Delivered
O0193,C096,2026-05-22,Delivered
O0194,C034,2026-05-23,Delivered
O0195,C055,2026-05-24,Delivered
O0196,C053,2026-05-25,Delivered
O0197,C085,2026-05-25,Delivered
O0198,C044,2026-05-26,Delivered
O0199,C029,2026-05-27,Delivered
O0200,C003,2026-05-28,Delivered
O0201,C037,2026-05-28,Delivered
O0202,C083,2026-05-29,Cancelled
O0203,C001,2026-05-30,Delivered
O0204,C090,2026-05-31,Delivered
O0205,C055,2026-05-31,Cancelled
O0206,C015,2026-06-01,Delivered
O0207,C031,2026-06-02,Delivered
O0208,C056,2026-06-03,Delivered
O0209,C032,2026-06-03,Delivered
O0210,C011,2026-06-04,Cancelled
O0211,C067,2026-06-05,Delivered
O0212,C068,2026-06-05,Delivered
O0213,C012,2026-06-06,Delivered
O0214,C029,2026-06-07,Delivered
O0215,C025,2026-06-08,Delivered
O0216,C066,2026-06-08,Delivered
O0217,C074,2026-06-09,Delivered
O0218,C073,2026-06-10,Delivered
O0219,C094,2026-06-11,Delivered
O0220,C077,2026-06-11,Cancelled
O0221,C033,2026-06-12,Delivered
O0222,C011,2026-06-13,Delivered
O0223,C062,2026-06-14,Delivered
O0224,C092,2026-06-14,Delivered
O0225,C098,2026-06-15,Delivered
O0226,C024,2026-06-16,Delivered
O0227,C024,2026-06-17,Delivered
O0228,C004,2026-06-17,Delivered
O0229,C015,2026-06-18,Delivered
O0230,C056,2026-06-19,Delivered
O0231,C055,2026-06-20,Cancelled
O0232,C038,2026-06-20,Delivered
O0233,C031,2026-06-21,Delivered
O0234,C083,2026-06-22,Delivered
O0235,C047,2026-06-22,Delivered
O0236,C081,2026-06-23,Delivered
O0237,C097,2026-06-24,Delivered
O0238,C032,2026-06-25,Delivered
O0239,C021,2026-06-25,Delivered
O0240,C096,2026-06-26,Delivered
O0241,C064,2026-06-27,Delivered
O0242,C030,2026-06-28,Delivered
O0243,C063,2026-06-28,Delivered
O0244,C052,2026-06-29,Delivered
O0245,C091,2026-06-30,Delivered
O0246,C026,2026-07-01,Delivered
O0247,C100,2026-07-01,Cancelled
O0248,C094,2026-07-02,Delivered
O0249,C019,2026-07-03,Delivered
O0250,C017,2026-07-04,Delivered
O0251,C054,2026-07-04,Delivered
O0252,C005,2026-07-05,Delivered
O0253,C030,2026-07-06,Delivered
O0254,C044,2026-07-07,Delivered
O0255,C097,2026-07-07,Delivered
O0256,C100,2026-07-08,Delivered
O0257,C016,2026-07-09,Cancelled
O0258,C090,2026-07-09,Delivered
O0259,C010,2026-07-10,Delivered
O0260,C075,2026-07-11,Delivered
O0261,C085,2026-07-12,Delivered
O0262,C090,2026-07-12,Delivered
O0263,C023,2026-07-13,Cancelled
O0264,C090,2026-07-14,Delivered
O0265,C012,2026-07-15,Delivered
O0266,C052,2026-07-15,Delivered
O0267,C047,2026-07-16,Delivered
O0268,C032,2026-07-17,Cancelled
O0269,C003,2026-07-18,Delivered
O0270,C078,2026-07-18,Delivered
O0271,C034,2026-07-19,Delivered
O0272,C067,2026-07-20,Delivered
O0273,C042,2026-07-21,Delivered
O0274,C038,2026-07-21,Delivered
O0275,C089,2026-07-22,Delivered
O0276,C010,2026-07-23,Delivered
O0277,C074,2026-07-24,Delivered
O0278,C075,2026-07-24,Delivered
O0279,C038,2026-07-25,Delivered
O0280,C027,2026-07-26,Delivered
O0281,C001,2026-07-26,Delivered
O0282,C094,2026-07-27,Delivered
O0283,C095,2026-07-28,Delivered
O0284,C025,2026-07-29,Delivered
O0285,C004,2026-07-29,Delivered
O0286,C013,2026-07-30,Delivered
O0287,C007,2026-07-31,Delivered
O0288,C084,2026-08-01,Delivered
O0289,C090,2026-08-01,Delivered
O0290,C016,2026-08-02,Delivered
O0291,C075,2026-08-03,Delivered
O0292,C018,2026-08-04,Delivered
O0293,C037,2026-08-04,Delivered
O0294,C060,2026-08-05,Delivered
O0295,C072,2026-08-06,Delivered
O0296,C088,2026-08-07,Delivered
O0297,C005,2026-08-07,Delivered
O0298,C020,2026-08-08,Delivered
O0299,C029,2026-08-09,Delivered
O0300,C032,2026-08-10,Delivered
